<?xml version="1.0" encoding="UTF-8"?>
<project-private xmlns="http://www.netbeans.org/ns/project-private/1">
    <editor-bookmarks xmlns="http://www.netbeans.org/ns/editor-bookmarks/2" lastBookmarkId="0"/>
    <open-files xmlns="http://www.netbeans.org/ns/projectui-open-files/2">
        <group>
            <file>file:/C:/Users/israe/Desktop/Proyecto/web/upload_form.jsp</file>
            <file>file:/C:/Users/israe/Desktop/Proyecto/src/java/Laboratorio6/controllers/LogoutController.java</file>
            <file>file:/C:/Users/israe/Desktop/Proyecto/src/java/Laboratorio6/controllers/LoginController.java</file>
            <file>file:/C:/Users/israe/Desktop/Proyecto/web/voto.jsp</file>
            <file>file:/C:/Users/israe/Desktop/Proyecto/web/view_file.jsp</file>
            <file>file:/C:/Users/israe/Desktop/Proyecto/web/votaciones.jsp</file>
            <file>file:/C:/Users/israe/Desktop/Proyecto/web/create.jsp</file>
            <file>file:/C:/Users/israe/Desktop/Proyecto/web/error.jsp</file>
            <file>file:/C:/Users/israe/Desktop/Proyecto/web/login.jsp</file>
        </group>
    </open-files>
</project-private>
